1011;Budapest I. kerület
1012;Budapest I. kerület
1013;Budapest I. kerület
1014;Budapest I. kerület
1015;Budapest I. kerület
1016;Budapest I. kerület
1021;Budapest II. kerület
1022;Budapest II. kerület
1023;Budapest II. kerület
1024;Budapest II. kerület
1025;Budapest II. kerület
1026;Budapest II. kerület
1027;Budapest II. kerület
1028;Budapest II. kerület
1029;Budapest II. kerület
1031;Budapest III. kerület
1032;Budapest III. kerület
1033;Budapest III. kerület
1034;Budapest III. kerület
1035;Budapest III. kerület
1036;Budapest III. kerület
1037;Budapest III. kerület
1038;Budapest III. kerület
1039;Budapest III. kerület
1041;Budapest IV. kerület
1042;Budapest IV. kerület
1043;Budapest IV. kerület
1044;Budapest IV. kerület
1045;Budapest IV. kerület
1046;Budapest IV. kerület
1047;Budapest IV. kerület
1048;Budapest IV. kerület
1051;Budapest V. kerület
1052;Budapest V. kerület
1053;Budapest V. kerület
1054;Budapest V. kerület
1055;Budapest V. kerület
1056;Budapest V. kerület
1061;Budapest VI. kerület
1062;Budapest VI. kerület
1063;Budapest VI. kerület
1064;Budapest VI. kerület
1065;Budapest VI. kerület
1066;Budapest VI. kerület
1067;Budapest VI. kerület
1068;Budapest VI. kerület
1071;Budapest VII. kerület
1072;Budapest VII. kerület
1073;Budapest VII. kerület
1074;Budapest VII. kerület
1075;Budapest VII. kerület
1076;Budapest VII. kerület
1077;Budapest VII. kerület
1078;Budapest VII. kerület
1081;Budapest VIII. kerület
1082;Budapest VIII. kerület
1083;Budapest VIII. kerület
1084;Budapest VIII. kerület
1085;Budapest VIII. kerület
1086;Budapest VIII. kerület
1087;Budapest VIII. kerület
1088;Budapest VIII. kerület
1089;Budapest VIII. kerület
1091;Budapest IX. kerület
1092;Budapest IX. kerület
1093;Budapest IX. kerület
1094;Budapest IX. kerület
1095;Budapest IX. kerület
1096;Budapest IX. kerület
1097;Budapest IX. kerület
1098;Budapest IX. kerület
1101;Budapest X. kerület
1102;Budapest X. kerület
1103;Budapest X. kerület
1104;Budapest X. kerület
1105;Budapest X. kerület
1106;Budapest X. kerület
1107;Budapest X. kerület
1108;Budapest X. kerület
1111;Budapest XI. kerület
1112;Budapest XI. kerület
1113;Budapest XI. kerület
1114;Budapest XI. kerület
1115;Budapest XI. kerület
1116;Budapest XI. kerület
1117;Budapest XI. kerület
1118;Budapest XI. kerület
1119;Budapest XI. kerület
1121;Budapest XII. kerület
1122;Budapest XII. kerület
1123;Budapest XII. kerület
1124;Budapest XII. kerület
1125;Budapest XII. kerület
1126;Budapest XII. kerület
1131;Budapest XIII. kerület
1132;Budapest XIII. kerület
1133;Budapest XIII. kerület
1134;Budapest XIII. kerület
1135;Budapest XIII. kerület
1136;Budapest XIII. kerület
1137;Budapest XIII. kerület
1138;Budapest XIII. kerület
1139;Budapest XIII. kerület
1141;Budapest XIV. kerület
1142;Budapest XIV. kerület
1143;Budapest XIV. kerület
1144;Budapest XIV. kerület
1145;Budapest XIV. kerület
1146;Budapest XIV. kerület
1147;Budapest XIV. kerület
1148;Budapest XIV. kerület
1149;Budapest XIV. kerület
1151;Budapest XV. kerület
1152;Budapest XV. kerület
1153;Budapest XV. kerület
1154;Budapest XV. kerület
1155;Budapest XV. kerület
1156;Budapest XV. kerület
1157;Budapest XV. kerület
1158;Budapest XV. kerület
1161;Budapest XVI. kerület
1162;Budapest XVI. kerület
1163;Budapest XVI. kerület
1164;Budapest XVI. kerület
1165;Budapest XVI. kerület
1171;Budapest XVII. kerület
1172;Budapest XVII. kerület
1173;Budapest XVII. kerület
1174;Budapest XVII. kerület
1181;Budapest XVIII. kerület
1182;Budapest XVIII. kerület
1183;Budapest XVIII. kerület
1184;Budapest XVIII. kerület
1185;Budapest XVIII. kerület
1186;Budapest XVIII. kerület
1188;Budapest XVIII. kerület
1191;Budapest XIX. kerület
1192;Budapest XIX. kerület
1193;Budapest XIX. kerület
1194;Budapest XIX. kerület
1195;Budapest XIX. kerület
1196;Budapest XIX. kerület
1201;Budapest XX. kerület
1202;Budapest XX. kerület
1203;Budapest XX. kerület
1204;Budapest XX. kerület
1205;Budapest XX. kerület
1211;Budapest XXI. kerület
1212;Budapest XXI. kerület
1213;Budapest XXI. kerület
1214;Budapest XXI. kerület
1215;Budapest XXI. kerület
1221;Budapest XXII. kerület
1222;Budapest XXII. kerület
1223;Budapest XXII. kerület
1224;Budapest XXII. kerület
1225;Budapest XXII. kerület
1237;Budapest XXIII. kerület
1238;Budapest XXIII. kerület
1239;Budapest XXIII. kerület
1529;Budapest XII. kerület
2000;Szentendre
2001;Szentendre
2002;Szentendre
2003;Szentendre
2009;Pilisszentlászló
2011;Budakalász
2012;Budakalász
2013;Budakalász
2014;Csobánka
2015;Szigetmonostor
2016;Leányfalu
2017;Pócsmegyer
2019;Pomáz
2021;Tahitótfalu
2022;Tahitótfalu
2023;Dunabogdány
2024;Kisoroszi
2025;Visegrád
2026;Visegrád
2027;Dömös
2028;Pilismarót
2030;Érd
2031;Érd
2032;Érd
2033;Érd
2035;Érd
2036;Érd
2038;Sóskút
2039;Pusztazámor
2040;Budaörs
2041;Budaörs
2042;Budaörs
2043;Budaörs
2044;Budaörs
2045;Törökbálint
2046;Törökbálint
2047;Törökbálint
2049;Diósd
2050;Diósd
2051;Biatorbágy
2052;Biatorbágy
2053;Herceghalom
2055;Herceghalom
2056;Herceghalom
2060;Bicske
2061;Bicske
2063;Bicske
2064;Csabdi
2065;Mány
2066;Újbarok
2066;Szár
2067;Szárliget
2071;Páty
2072;Zsámbék
2073;Tök
2074;Perbál
2080;Pilisjászfalu
2081;Piliscsaba
2082;Piliscsaba
2083;Solymár
2084;Pilisszentiván
2085;Pilisvörösvár
2086;Tinnye
2087;Tinnye
2089;Telki
2090;Remeteszõlõs
2091;Etyek
2092;Budakeszi
2093;Budajenõ
2094;Nagykovácsi
2095;Pilisszántó
2096;Üröm
2097;Pilisborosjenõ
2098;Pilisszentkereszt
2099;Dobogókõ
2100;Gödöllõ
2101;Gödöllõ
2102;Gödöllõ
2103;Gödöllõ
2105;Gödöllõ
2111;Szada
2112;Veresegyház
2113;Erdõkertes
2114;Valkó
2115;Vácszentlászló
2116;Zsámbok
2117;Isaszeg
2118;Dány
2119;Pécel
2120;Dunakeszi
2121;Dunakeszi
2122;Dunakeszi
2123;Dunakeszi
2131;Göd
2132;Göd
2133;Szõdliget
2134;Szõd
2135;Csörög
2141;Csömör
2142;Nagytarcsa
2143;Kistarcsa
2144;Kerepes
2145;Kerepes
2146;Mogyoród
2151;Fót
2152;Fót
2153;Fót
2161;Csomád
2162;Õrbottyán
2163;Vácrátót
2164;Váchartyán
2165;Kisnémedi
2166;Püspökszilágy
2167;Vácduka
2170;Aszód
2173;Kartal
2174;Verseg
2175;Kálló
2176;Erdõkürt
2177;Erdõtarcsa
2181;Iklad
2182;Domony
2183;Galgamácsa
2184;Vácegres
2185;Váckisújfalu
2191;Bag
2192;Hévízgyörk
2193;Galgahévíz
2194;Tura
2200;Monor
2201;Monor
2202;Monor
2209;Péteri
2211;Vasad
2212;Csévharaszt
2213;Csévharaszt
2214;Pánd
2215;Káva
2216;Bénye
2217;Gomba
2220;Vecsés
2221;Vecsés
2222;Vecsés
2225;Üllõ
2230;Gyömrõ
2233;Ecser
2234;Maglód
2235;Mende
2241;Sülysáp
2242;Sülysáp
2243;Kóka
2244;Úri
2251;Tápiószecsõ
2252;Tóalmás
2253;Tápióság
2254;Szentmártonkáta
2255;Szentlõrinckáta
2300;Ráckeve
2301;Ráckeve
2309;Lórév
2310;Szigetszentmiklós
2311;Szigetszentmiklós
2313;Szigetszentmiklós
2314;Halásztelek
2315;Szigethalom
2316;Tököl
2317;Szigetcsép
2318;Szigetszentmárton
2319;Szigetújfalu
2321;Szigetbecse
2322;Makád
2330;Dunaharaszti
2331;Dunaharaszti
2332;Dunaharaszti
2335;Taksony
2336;Dunavarsány
2337;Délegyháza
2338;Áporka
2339;Majosháza
2340;Kiskunlacháza
2341;Kiskunlacháza
2342;Kiskunlacháza
2344;Dömsöd
2345;Apaj
2347;Bugyi
2351;Alsónémedi
2360;Gyál
2363;Felsõpakony
2364;Ócsa
2365;Inárcs
2366;Kakucs
2367;Újhartyán
2370;Dabas
2371;Dabas
2372;Dabas
2373;Dabas
2374;Dabas
2375;Tatárszentgyörgy
2376;Hernád
2377;Örkény
2378;Pusztavacs
2381;Táborfalva
2400;Dunaújváros
2401;Dunaújváros
2402;Dunaújváros
2403;Dunaújváros
2404;Dunaújváros
2405;Dunaújváros
2406;Dunaújváros
2407;Dunaújváros
2408;Dunaújváros
2421;Nagyvenyim
2422;Mezõfalva
2423;Daruszentmiklós
2424;Elõszállás
2425;Nagykarácsony
2426;Baracs
2427;Baracs
2428;Kisapostag
2431;Perkáta
2432;Szabadegyháza
2433;Sárosd
2434;Hantos
2435;Nagylók
2440;Százhalombatta
2441;Százhalombatta
2442;Százhalombatta
2443;Százhalombatta
2444;Százhalombatta
2451;Ercsi
2453;Ercsi
2454;Iváncsa
2455;Beloiannisz
2456;Besnyõ
2457;Adony
2458;Kulcs
2459;Rácalmás
2461;Tárnok
2462;Martonvásár
2463;Tordas
2464;Gyúró
2465;Ráckeresztúr
2471;Baracska
2472;Kajászó
2473;Vál
2475;Kápolnásnyék
2476;Pázmánd
2477;Vereb
2481;Velence
2482;Velence
2483;Gárdony
2484;Gárdony
2485;Gárdony
2490;Pusztaszabolcs
2500;Esztergom
2501;Esztergom
2503;Esztergom
2508;Esztergom
2509;Esztergom
2510;Dorog
2511;Dorog
2512;Dorog
2517;Kesztölc
2518;Leányvár
2519;Piliscsév
2521;Csolnok
2522;Dág
2523;Sárisáp
2524;Nagysáp
2525;Bajna
2526;Epöl
2527;Máriahalom
2528;Úny
2529;Annavölgy
2531;Tokod
2532;Tokodaltáró
2533;Bajót
2534;Tát
2535;Mogyorósbánya
2536;Nyergesújfalu
2537;Nyergesújfalu
2541;Lábatlan
2542;Lábatlan
2543;Süttõ
2544;Neszmély
2545;Dunaalmás
2600;Vác
2601;Vác
2602;Vác
2603;Vác
2610;Nõtincs
2611;Felsõpetény
2612;Kosd
2613;Rád
2614;Penc
2615;Csõvár
2616;Õsagárd
2616;Keszeg
2617;Alsópetény
2618;Nézsa
2619;Legénd
2621;Verõce
2623;Kismaros
2624;Szokolya
2625;Kóspallag
2626;Nagymaros
2627;Zebegény
2628;Szob
2629;Márianosztra
2631;Ipolydamásd
2632;Letkés
2633;Ipolytölgyes
2634;Nagybörzsöny
2635;Vámosmikola
2636;Tésa
2637;Perõcsény
2638;Kemence
2639;Bernecebaráti
2640;Szendehely
2641;Berkenye
2642;Nógrád
2643;Diósjenõ
2644;Borsosberény
2645;Nagyoroszi
2646;Drégelypalánk
2647;Hont
2648;Patak
2649;Dejtár
2651;Rétság
2652;Tereske
2653;Bánk
2654;Romhány
2655;Kétbodony
2655;Kisecset
2655;Szente
2656;Szátok
2657;Tolmács
2658;Horpács
2658;Pusztaberki
2659;Érsekvadkert
2660;Balassagyarmat
2661;Balassagyarmat
2662;Balassagyarmat
2668;Patvarc
2669;Ipolyvece
2671;Õrhalom
2672;Hugyag
2673;Csitár
2675;Iliny
2675;Nógrádmarcal
2676;Cserhátsurány
2677;Herencsény
2678;Csesztve
2681;Galgagyörk
2682;Püspökhatvan
2683;Acsa
2685;Nógrádsáp
2686;Galgaguta
2687;Bercel
2688;Vanyarc
2691;Nógrádkövesd
2692;Szécsénke
2693;Becske
2694;Magyarnándor
2694;Debercsény
2694;Cserháthaláp
2696;Terény
2697;Szanda
2698;Mohora
2699;Szügy
2700;Cegléd
2701;Cegléd
2702;Cegléd
2703;Cegléd
2704;Cegléd
2711;Tápiószentmárton
2712;Nyársapát
2713;Csemõ
2721;Pilis
2723;Nyáregyháza
2724;Újlengyel
2730;Albertirsa
2735;Dánszentmiklós
2736;Mikebuda
2737;Ceglédbercel
2738;Ceglédbercel
2740;Abony
2745;Kõröstetétlen
2746;Jászkarajenõ
2747;Törtel
2750;Nagykõrös
2751;Nagykõrös
2752;Nagykõrös
2755;Kocsér
2760;Nagykáta
2761;Nagykáta
2764;Tápióbicske
2765;Farmos
2766;Tápiószele
2767;Tápiógyörgye
2768;Újszilvás
2769;Tápiószõlõs
2800;Tatabánya
2801;Tatabánya
2802;Tatabánya
2803;Tatabánya
2804;Tatabánya
2805;Tatabánya
2806;Tatabánya
2807;Tatabánya
2808;Tatabánya
2809;Tatabánya
2821;Gyermely
2822;Szomor
2823;Vértessomló
2824;Várgesztes
2831;Tarján
2832;Héreg
2833;Vértestolna
2834;Tardos
2835;Tardos
2836;Baj
2837;Vértesszõlõs
2840;Oroszlány
2841;Oroszlány
2842;Oroszlány
2851;Környe
2852;Kecskéd
2853;Kömlõd
2854;Dad
2855;Bokod
2856;Szákszend
2858;Császár
2859;Vérteskethely
2861;Bakonysárkány
2862;Aka
2870;Kisbér
2879;Kisbér
2881;Ászár
2882;Kerékteleki
2883;Bársonyos
2884;Bakonyszombathely
2885;Bakonybánk
2886;Réde
2887;Ácsteszér
2888;Csatka
2889;Súr
2890;Tata
2891;Tata
2892;Tata
2893;Tata
2894;Tata
2896;Szomód
2897;Dunaszentmiklós
2898;Kocs
2899;Naszály
2900;Komárom
2901;Komárom
2902;Komárom
2903;Komárom
2904;Komárom
2911;Mocsa
2921;Mocsa
2922;Mocsa
2931;Almásfüzitõ
2932;Almásfüzitõ
2941;Ács
2942;Nagyigmánd
2943;Bábolna
2944;Bana
2945;Tárkány
2946;Csép
2947;Ete
2948;Kisigmánd
2949;Csém
3000;Hatvan
3001;Hatvan
3002;Hatvan
3003;Hatvan
3009;Hatvan
3011;Heréd
3012;Nagykökényes
3013;Ecséd
3014;Hort
3015;Csány
3016;Boldog
3021;Lõrinci
3022;Lõrinci
3023;Petõfibánya
3024;Petõfibánya
3031;Zagyvaszántó
3032;Apc
3033;Rózsaszentmárton
3034;Szûcsi
3035;Gyöngyöspata
3036;Gyöngyöstarján
3041;Héhalom
3042;Palotás
3043;Egyházasdengeleg
3044;Szirák
3045;Bér
3046;Kisbágyon
3047;Buják
3051;Szarvasgede
3052;Csécse
3053;Kozárd
3053;Ecseg
3060;Pásztó
3061;Pásztó
3062;Pásztó
3063;Jobbágyi
3064;Szurdokpüspöki
3065;Szurdokpüspöki
3066;Kutasó
3066;Bokor
3066;Cserhátszentiván
3067;Felsõtold
3067;Garáb
3068;Mátraszõlõs
3069;Alsótold
3070;Bátonyterenye
3071;Bátonyterenye
3072;Bátonyterenye
3073;Tar
3074;Sámsonháza
3075;Márkháza
3075;Kisbárkány
3075;Nagybárkány
3077;Mátraverebély
3078;Mátraverebély
3082;Mátraverebély
3100;Salgótarján
3101;Salgótarján
3102;Salgótarján
3103;Salgótarján
3104;Salgótarján
3107;Salgótarján
3109;Salgótarján
3110;Salgótarján
3121;Salgótarján
3123;Cered
3124;Zabar
3125;Szilaspogony
3126;Bárna
3127;Kazár
3128;Vizslás
3129;Lucfalva
3131;Sóshartyán
3132;Nógrádmegyer
3133;Magyargéc
3134;Piliny
3135;Szécsényfelfalu
3136;Etes
3137;Karancsberény
3138;Ipolytarnóc
3141;Ipolytarnóc
3142;Mátraszele
3143;Mátranovák
3144;Mátranovák
3145;Mátraterenye
3146;Mátraterenye
3147;Mátraterenye
3151;Rákóczibánya
3152;Nemti
3153;Dorogháza
3154;Szuha
3155;Mátramindszent
3161;Kishartyán
3162;Ságújfalu
3163;Karancsság
3163;Szalmatercs
3165;Endrefalva
3170;Szécsény
3175;Nagylóc
3176;Hollókõ
3177;Rimóc
3178;Varsány
3179;Nógrádsipek
3181;Karancsalja
3182;Karancslapujtõ
3183;Karancskeszi
3184;Mihálygerge
3185;Egyházasgerge
3186;Litke
3187;Nógrádszakál
3188;Ludányhalászi
3200;Gyöngyös
3201;Gyöngyös
3202;Gyöngyös
3211;Gyöngyösoroszi
3212;Gyöngyöshalász
3213;Atkár
3214;Nagyréde
3221;Nagyréde
3231;Gyöngyössolymos
3232;Gyöngyössolymos
3233;Gyöngyössolymos
3234;Gyöngyössolymos
3235;Mátraszentimre
3240;Parád
3242;Parádsasvár
3243;Bodony
3244;Bodony
3245;Recsk
3246;Mátraderecske
3247;Mátraballa
3248;Ivád
3250;Pétervására
3252;Erdõkövesd
3253;Istenmezeje
3254;Váraszó
3255;Fedémes
3256;Kisfüzes
3257;Bükkszenterzsébet
3258;Tarnalelesz
3259;Szentdomonkos
3261;Abasár
3262;Markaz
3263;Domoszló
3264;Kisnána
3265;Vécs
3271;Visonta
3272;Visonta
3273;Halmajugra
3274;Ludas
3275;Detk
3281;Karácsond
3282;Nagyfüged
3283;Tarnazsadány
3284;Tarnaméra
3291;Vámosgyörk
3292;Adács
3293;Visznek
3294;Tarnaörs
3295;Erk
3296;Zaránk
3300;Eger
3301;Eger
3302;Eger
3303;Eger
3304;Eger
3305;Eger
3321;Egerbakta
3322;Hevesaranyos
3323;Szarvaskõ
3324;Felsõtárkány
3325;Noszvaj
3326;Ostoros
3327;Novaj
3328;Egerszólát
3331;Tarnaszentmária
3332;Sirok
3333;Terpes
3334;Szajla
3335;Bükkszék
3336;Bátor
3337;Egerbocs
3341;Szúcs
3341;Egercsehi
3343;Bekölce
3344;Mikófalva
3345;Mónosbél
3346;Bélapátfalva
3346;Bükkszentmárton
3347;Balaton
3348;Szilvásvárad
3349;Nagyvisnyó
3350;Kál
3351;Verpelét
3352;Feldebrõ
3353;Aldebrõ
3354;Tófalu
3355;Kápolna
3356;Kompolt
3357;Nagyút
3358;Erdõtelek
3359;Tenk
3360;Heves
3368;Boconád
3369;Tarnabod
3371;Átány
3372;Kömlõ
3373;Besenyõtelek
3374;Dormánd
3375;Mezõtárkány
3377;Szihalom
3378;Mezõszemere
3379;Egerfarmos
3381;Pély
3382;Tarnaszentmiklós
3383;Hevesvezekény
3384;Kisköre
3385;Tiszanána
3386;Sarud
3387;Újlõrincfalva
3388;Poroszló
3390;Füzesabony
3392;Füzesabony
3393;Füzesabony
3394;Egerszalók
3395;Demjén
3396;Kerecsend
3397;Maklár
3398;Nagytálya
3399;Andornaktálya
3400;Mezõkövesd
3401;Mezõkövesd
3402;Mezõkövesd
3411;Szomolya
3412;Bogács
3413;Cserépfalu
3414;Bükkzsérc
3416;Tard
3417;Cserépváralja
3418;Szentistván
3421;Mezõnyárád
3422;Bükkábrány
3423;Tibolddaróc
3424;Kács
3425;Sály
3426;Borsodgeszt
3431;Vatta
3432;Emõd
3433;Nyékládháza
3434;Mályi
3435;Mályi
3441;Mezõkeresztes
3442;Csincse
3443;Mezõnagymihály
3444;Gelej
3450;Mezõcsát
3458;Tiszakeszi
3459;Igrici
3461;Egerlövõ
3462;Borsodivánka
3463;Négyes
3464;Tiszavalk
3465;Tiszabábolna
3466;Tiszadorogma
3467;Ároktõ
3500;Miskolc
3501;Miskolc
3502;Miskolc
3503;Miskolc
3504;Miskolc
3505;Miskolc
3506;Miskolc
3507;Miskolc
3508;Miskolc
3509;Miskolc
3510;Miskolc
3511;Miskolc
3513;Miskolc
3514;Miskolc
3515;Miskolc
3516;Miskolc
3517;Miskolc
3518;Miskolc
3519;Miskolc
3521;Miskolc
3523;Miskolc
3524;Miskolc
3525;Miskolc
3526;Miskolc
3527;Miskolc
3528;Miskolc
3529;Miskolc
3530;Miskolc
3531;Miskolc
3532;Miskolc
3533;Miskolc
3534;Miskolc
3535;Miskolc
3542;Miskolc
3543;Miskolc
3544;Miskolc
3545;Miskolc
3546;Miskolc
3547;Miskolc
3548;Miskolc
3549;Miskolc
3551;Ónod
3552;Muhi
3553;Kistokaj
3554;Bükkaranyos
3555;Harsány
3556;Kisgyõr
3557;Bükkszentkereszt
3559;Répáshuta
3561;Felsõzsolca
3562;Onga
3563;Hernádkak
3564;Hernádnémeti
3565;Tiszalúc
3571;Alsózsolca
3572;Sajólád
3573;Sajópetri
3574;Bõcs
3575;Berzék
3576;Sajóhídvég
3577;Köröm
3578;Girincs
3578;Kiscsécs
3579;Kesznyéten
3580;Tiszaújváros
3581;Tiszaújváros
3582;Tiszaújváros
3585;Tiszaújváros
3586;Sajóörös
3587;Tiszapalkonya
3588;Hejõkürt
3589;Tiszatarján
3591;Oszlár
3592;Nemesbikk
3593;Hejõbába
3594;Hejõpapi
3595;Hejõszalonta
3596;Szakáld
3597;Hejõkeresztúr
3598;Nagycsécs
3599;Sajószöged
3600;Ózd
3601;Ózd
3603;Ózd
3604;Ózd
3607;Ózd
3608;Ózd
3621;Ózd
3622;Uppony
3623;Borsodszentgyörgy
3625;Borsodszentgyörgy
3626;Hangony
3627;Kissikátor
3627;Domaháza
3630;Putnok
3635;Dubicsány
3636;Sajógalgóc
3636;Vadna
3641;Nagybarca
3642;Bánhorváti
3643;Dédestapolcsány
3644;Tardona
3645;Mályinka
3646;Nekézseny
3647;Csokvaomány
3648;Lénárddaróc
3648;Bükkmogyorósd
3648;Csernely
3651;Lénárddaróc
3652;Sajónémeti
3653;Sajópüspöki
3654;Bánréve
3655;Hét
3656;Sajómercse
3656;Sajóvelezd
3657;Királd
3658;Borsodbóta
3659;Sáta
3661;Sáta
3662;Sáta
3663;Arló
3664;Járdánháza
3671;Borsodnádasd
3672;Borsodnádasd
3700;Kazincbarcika
3701;Kazincbarcika
3702;Kazincbarcika
3703;Kazincbarcika
3704;Kazincbarcika
3705;Kazincbarcika
3711;Szirmabesenyõ
3712;Sajósenye
3712;Sajóvámos
3713;Arnót
3714;Sajópálfala
3715;Gesztely
3716;Újcsanálos
3716;Sóstófalva
3717;Alsódobsza
3718;Megyaszó
3720;Sajókaza
3720;Sajóivánka
3721;Felsõnyárád
3721;Jákfalva
3721;Dövény
3722;Felsõkelecsény
3723;Zubogy
3724;Imola
3724;Ragály
3724;Trizs
3726;Alsószuha
3726;Szuhafõ
3726;Zádorfalva
3728;Gömörszõlõs
3728;Kelemér
3729;Serényfalva
3731;Szuhakálló
3732;Kurityán
3733;Rudabánya
3734;Szuhogy
3735;Kánó
3735;Felsõtelekes
3735;Alsótelekes
3741;Izsófalva
3742;Rudolftelep
3743;Ormosbánya
3744;Múcsony
3751;Szendrõlád
3752;Galvács
3752;Szendrõ
3753;Abod
3754;Szalonna
3754;Meszes
3755;Martonyi
3756;Varbóc
3756;Perkupa
3757;Égerszög
3757;Teresztenye
3757;Szõlõsardó
3758;Jósvafõ
3759;Aggtelek
3761;Szin
3761;Tornakápolna
3761;Szinpetri
3762;Szögliget
3763;Bódvaszilas
3764;Bódvarákó
3765;Tornaszentandrás
3765;Komjáti
3765;Tornabarakony
3767;Tornanádaska
3768;Hidvégardó
3768;Bódvalenke
3768;Becskeháza
3769;Tornaszentjakab
3770;Sajószentpéter
3773;Sajókápolna
3773;Sajólászlófalva
3775;Kondó
3776;Radostyán
3777;Parasznya
3778;Varbó
3779;Alacska
3780;Ládbesenyõ
3780;Damak
3780;Balajt
3780;Edelény
3783;Ládbesenyõ
3786;Irota
3786;Szakácsi
3786;Hegymeg
3786;Lak
3787;Tomor
3791;Sajókeresztúr
3792;Sajóbábony
3793;Sajóecseg
3794;Boldva
3794;Ziliz
3795;Hangács
3795;Nyomár
3796;Borsodszirák
3800;Szikszó
3809;Abaújszolnok
3809;Nyésta
3809;Selyeb
3811;Alsóvadász
3812;Monaj
3812;Homrogd
3813;Kupa
3814;Felsõvadász
3815;Gadna
3815;Abaújlak
3816;Gagyvendégi
3817;Gagybátor
3821;Pamlény
3821;Büttös
3821;Szászfa
3821;Kány
3821;Perecse
3821;Krasznokvajda
3821;Keresztéte
3825;Debréte
3825;Rakaca
3825;Viszló
3826;Rakacaszend
3831;Kázsmárk
3832;Léh
3833;Rásonysápberencs
3834;Beret
3834;Detek
3836;Baktakék
3837;Felsõgagy
3837;Gagyapáti
3837;Alsógagy
3837;Csenyéte
3841;Aszaló
3842;Halmaj
3843;Kiskinizs
3844;Szentistvánbaksa
3844;Nagykinizs
3846;Hernádkércs
3847;Felsõdobsza
3848;Csobád
3849;Forró
3851;Ináncs
3852;Hernádszentandrás
3853;Pere
3853;Hernádbûd
3854;Hernádbûd
3855;Fancsal
3860;Encs
3861;Encs
3863;Szalaszend
3864;Fulókércs
3865;Fáj
3866;Szemere
3866;Litka
3871;Méra
3872;Novajidrány
3873;Garadna
3874;Pusztaradvány
3874;Hernádvécse
3874;Hernádpetri
3875;Hernádszurdok
3876;Hidasnémeti
3877;Tornyosnémeti
3881;Abaújszántó
3881;Sima
3881;Baskó
3882;Abaújalpár
3882;Abaújkér
3884;Boldogkõújfalu
3885;Boldogkõváralja
3885;Arka
3886;Korlát
3887;Hernádcéce
3888;Vizsoly
3891;Vilmány
3892;Hejce
3893;Regéc
3893;Fony
3893;Mogyoróska
3894;Göncruszka
3895;Gönc
3896;Telkibánya
3897;Zsujta
3898;Abaújvár
3898;Pányok
3899;Kéked
3900;Szerencs
3901;Szerencs
3903;Bekecs
3904;Legyesbénye
3905;Monok
3906;Golop
3907;Tállya
3908;Rátka
3909;Mád
3910;Tokaj
3911;Tokaj
3915;Tarcal
3916;Bodrogkeresztúr
3917;Bodrogkisfalud
3918;Szegi
3918;Szegilong
3921;Taktaszada
3922;Taktaharkány
3923;Taktaharkány
3924;Taktakenéz
3925;Prügy
3926;Taktabáj
3927;Csobaj
3928;Tiszatardos
3929;Tiszaladány
3931;Mezõzombor
3932;Erdõbénye
3933;Olaszliszka
3934;Tolcsva
3935;Erdõhorváti
3936;Háromhuta
3937;Komlóska
3941;Vámosújfalu
3942;Sárazsadány
3943;Bodrogolaszi
3944;Bodrogolaszi
3945;Bodrogolaszi
3950;Sárospatak
3954;Györgytarló
3955;Kenézlõ
3956;Viss
3957;Zalkod
3958;Hercegkút
3959;Makkoshotyka
3961;Vajdácska
3962;Karos
3963;Karcsa
3964;Pácin
3965;Kisrozvágy
3965;Nagyrozvágy
3967;Lácacséke
3971;Tiszakarád
3972;Tiszacsermely
3973;Cigánd
3974;Ricse
3974;Semjén
3976;Révleányvár
3977;Zemplénagárd
3978;Dámóc
3980;Sátoraljaújhely
3981;Sátoraljaújhely
3985;Felsõberecki
3985;Alsóberecki
3987;Bodroghalom
3988;Bodroghalom
3989;Mikóháza
3989;Felsõregmec
3989;Alsóregmec
3991;Vilyvitány
3992;Vágáshuta
3992;Kovácsvágás
3993;Füzérradvány
3994;Kishuta
3994;Filkeháza
3994;Nagyhuta
3994;Füzérkajata
3994;Pálháza
3994;Bózsva
3995;Pusztafalu
3996;Füzér
3997;Füzérkomlós
3998;Nyíri
3999;Hollóháza
4000;Debrecen
4001;Debrecen
4002;Debrecen
4003;Debrecen
4004;Debrecen
4005;Debrecen
4006;Debrecen
4007;Debrecen
4008;Debrecen
4009;Debrecen
4010;Debrecen
4011;Debrecen
4012;Debrecen
4013;Debrecen
4014;Debrecen
4015;Debrecen
4017;Debrecen
4021;Debrecen
4022;Debrecen
4024;Debrecen
4025;Debrecen
4026;Debrecen
4027;Debrecen
4028;Debrecen
4029;Debrecen
4030;Debrecen
4031;Debrecen
4032;Debrecen
4033;Debrecen
4034;Debrecen
4040;Debrecen
4041;Debrecen
4042;Debrecen
4044;Debrecen
4045;Debrecen
4046;Debrecen
4047;Debrecen
4048;Debrecen
4060;Balmazújváros
4063;Balmazújváros
4063;Debrecen
4064;Nagyhegyes
4065;Újszentmargita
4066;Tiszacsege
4067;Tiszacsege
4069;Egyek
4071;Hortobágy
4074;Tarnalelesz
4075;Görbeháza
4078;Görbeháza
4079;Görbeháza
4080;Hajdúnánás
4081;Hajdúnánás
4085;Hajdúnánás
4086;Hajdúnánás
4087;Hajdúdorog
4090;Polgár
4090;Folyás
4096;Újtikos
4097;Tiszagyulaháza
4100;Berettyóújfalu
4101;Berettyóújfalu
4103;Berettyóújfalu
4110;Biharkeresztes
4114;Bojt
4115;Ártánd
4116;Berekböszörmény
4117;Told
4118;Mezõpeterd
4119;Váncsod
4121;Szentpéterszeg
4122;Gáborján
4123;Hencida
4124;Esztár
4125;Pocsaj
4126;Kismarja
4127;Nagykereki
4128;Bedõ
4130;Derecske
4131;Derecske
4132;Tépe
4133;Konyár
4134;Mezõsas
4135;Körösszegapáti
4136;Körösszakál
4137;Magyarhomorog
4138;Komádi
4141;Furta
4142;Zsáka
4143;Vekerd
4144;Darvas
4145;Csökmõ
4146;Újiráz
4150;Püspökladány
4151;Püspökladány
4152;Püspökladány
4155;Püspökladány
4161;Báránd
4162;Báránd
4163;Szerep
4164;Bakonszeg
4171;Sárrétudvari
4172;Biharnagybajom
4173;Nagyrábé
4174;Bihartorda
4175;Bihardancsháza
4176;Sáp
4177;Földes
4181;Nádudvar
4183;Kaba
4184;Tetétlen
4200;Hajdúszoboszló
4201;Hajdúszoboszló
4202;Hajdúszoboszló
4211;Ebes
4212;Hajdúszovát
4220;Hajdúböszörmény
4221;Hajdúböszörmény
4224;Hajdúböszörmény
4225;Hajdúböszörmény
4225;Debrecen
4231;Bököny
4232;Geszteréd
4233;Balkány
4234;Szakoly
4235;Biri
4241;Bocskaikert
4242;Hajdúhadház
4243;Téglás
4244;Újfehértó
4245;Érpatak
4246;Érpatak
4251;Hajdúsámson
4252;Hajdúsámson
4253;Hajdúsámson
4254;Nyíradony
4262;Nyíracsád
4263;Nyírmártonfalva
4264;Nyírábrány
4266;Fülöp
4267;Penészlek
4271;Mikepércs
4272;Sáránd
4273;Hajdúbagos
4274;Hosszúpályi
4275;Monostorpályi
4281;Létavértes
4283;Létavértes
4284;Kokad
4285;Álmosd
4286;Bagamér
4287;Vámospércs
4288;Újléta
4300;Nyírbátor
4301;Nyírbátor
4311;Nyírgyulaj
4320;Nagykálló
4321;Nagykálló
4324;Kállósemjén
4325;Kisléta
4326;Máriapócs
4327;Pócspetri
4331;Nyírcsászári
4332;Nyírderzs
4333;Nyírkáta
4334;Hodász
4335;Kántorjánosi
4336;Õr
4337;Jármi
4338;Papos
4341;Nyírvasvári
4342;Terem
4343;Bátorliget
4351;Vállaj
4352;Mérk
4353;Tiborszállás
4354;Fábiánháza
4355;Nagyecsed
4356;Nyírcsaholy
4361;Nyírbogát
4362;Nyírgelse
4363;Nyírmihálydi
4371;Nyírlugos
4372;Nyírbéltek
4373;Ömböly
4374;Encsencs
4375;Piricse
4376;Nyírpilis
4400;Nyíregyháza
4401;Nyíregyháza
4402;Nyíregyháza
4403;Nyíregyháza
4404;Nyíregyháza
4405;Nyíregyháza
4406;Nyíregyháza
4407;Nyíregyháza
4410;Nyíregyháza
4411;Nyíregyháza
4412;Nyíregyháza
4413;Nyíregyháza
4431;Nyíregyháza
4432;Nyíregyháza
4433;Nyíregyháza
4434;Kálmánháza
4435;Nyíregyháza
4440;Tiszavasvári
4441;Szorgalmatos
4444;Szorgalmatos
4445;Nagycserkesz
4446;Nagycserkesz
4447;Nagycserkesz
4450;Tiszalök
4455;Tiszadada
4456;Tiszadob
4461;Nyírtelek
4463;Tiszanagyfalu
4464;Tiszaeszlár
4465;Rakamaz
4466;Timár
4467;Szabolcs
4468;Balsa
4471;Gávavencsellõ
4472;Gávavencsellõ
4474;Tiszabercel
4475;Paszab
4481;Paszab
4482;Kótaj
4483;Buj
4484;Ibrány
4485;Nagyhalász
4486;Nagyhalász
4487;Tiszatelek
4488;Beszterec
4491;Újdombrád
4492;Dombrád
4493;Tiszakanyár
4494;Kékcse
4495;Döge
4496;Szabolcsveresmart
4501;Kemecse
4502;Vasmegyer
4503;Tiszarád
4511;Nyírbogdány
4512;Nyírbogdány
4515;Kék
4516;Demecser
4517;Gégény
4521;Berkesz
4522;Nyírtass
4523;Pátroha
4524;Ajak
4525;Rétközberencs
4531;Nyírpazony
4532;Nyírtura
4533;Sényõ
4534;Székely
4535;Nyíribrony
4536;Ramocsaháza
4537;Nyírkércs
4541;Nyírjákó
4542;Petneháza
4543;Laskod
4544;Nyírkarász
4545;Gyulaháza
4546;Anarcs
4547;Szabolcsbáka
4551;Szabolcsbáka
4552;Napkor
4553;Apagy
4554;Nyírtét
4555;Levelek
4556;Magy
4557;Besenyõd
4558;Ófehértó
4561;Baktalórántháza
4562;Vaja
4563;Rohod
4564;Nyírmada
4565;Pusztadobos
4566;Ilk
4567;Gemzse
4600;Kisvárda
4601;Kisvárda
4603;Kisvárda
4611;Jéke
4621;Fényeslitke
4622;Komoró
4623;Tuzsér
4624;Tiszabezdéd
4625;Gyõröcske
4625;Záhony
4627;Zsurk
4628;Tiszaszentmárton
4631;Pap
4632;Nyírlövõ
4633;Lövõpetri
4634;Aranyosapáti
4635;Újkenéz
4641;Mezõladány
4642;Tornyospálca
4643;Benk
4644;Mándok
4645;Tiszamogyorós
4646;Eperjeske
4700;Mátészalka
4701;Mátészalka
4702;Mátészalka
4721;Szamoskér
4722;Nyírmeggyes
4731;Tunyogmatolcs
4732;Cégénydányád
4733;Gyügye
4734;Szamosújlak
4735;Hermánszeg
4735;Szamossályi
4737;Darnó
4737;Kisnamény
4741;Jánkmajtis
4742;Csegöld
4743;Csengersima
4745;Szamosbecs
4746;Szamostatárfalva
4751;Kocsord
4752;Gyõrtelek
4754;Géberjén
4754;Fülpösdaróc
4755;Ököritófülpös
4756;Rápolt
4761;Porcsalma
4762;Tyukod
4763;Ura
4764;Csengerújfalu
4765;Komlódtótfalu
4765;Csenger
4766;Pátyod
4767;Szamosangyalos
4800;Vásárosnamény
4801;Vásárosnamény
4803;Vásárosnamény
4804;Vásárosnamény
4811;Kisvarsány
4812;Nagyvarsány
4813;Gyüre
4821;Ópályi
4822;Nyírparasznya
4823;Nagydobos
4824;Szamosszeg
4826;Olcsva
4831;Tiszaszalka
4832;Tiszavid
4833;Tiszaadony
4834;Tiszakerecseny
4835;Mátyus
4836;Lónya
4841;Jánd
4842;Gulács
4843;Hetefejércse
4844;Csaroda
4845;Tákos
4900;Fehérgyarmat
4901;Fehérgyarmat
4911;Nábrád
4912;Kérsemjén
4913;Panyola
4914;Olcsvaapáti
4921;Tivadar
4921;Kisar
4922;Nagyar
4931;Tarpa
4932;Márokpapi
4933;Beregsurány
4934;Beregdaróc
4935;Gelénes
4936;Vámosatya
4937;Barabás
4941;Penyige
4942;Mánd
4942;Nemesborzova
4943;Kömörõ
4944;Túristvándi
4945;Szatmárcseke
4946;Tiszakóród
4947;Tiszacsécse
4948;Milota
4951;Tiszabecs
4952;Uszka
4953;Magosliget
4954;Sonkád
4955;Botpalád
4956;Kispalád
4961;Zsarolyán
4962;Nagyszekeres
4963;Kisszekeres
4964;Fülesd
4965;Kölcse
4966;Vámosoroszi
4967;Csaholc
4968;Túrricse
4969;Tisztaberek
4971;Rozsály
4972;Gacsály
4973;Császló
4974;Zajta
4975;Méhtelek
4976;Garbolc
4977;Kishódos
4977;Nagyhódos
5000;Szolnok
5001;Szolnok
5002;Szolnok
5003;Szolnok
5004;Szolnok
5005;Szolnok
5006;Szolnok
5007;Szolnok
5008;Szolnok
5009;Szolnok
5051;Zagyvarékas
5052;Újszász
5053;Szászberek
5054;Jászalsószentgyörgy
5055;Jászladány
5061;Tiszasüly
5062;Kõtelek
5063;Hunyadfalva
5064;Csataszög
5065;Nagykörû
5071;Besenyszög
5081;Szajol
5082;Tiszatenyõ
5083;Kengyel
5084;Rákócziújfalu
5085;Rákóczifalva
5091;Tószeg
5092;Tiszavárkony
5093;Vezseny
5094;Tiszajenõ
5095;Tiszajenõ
5100;Jászberény
5101;Jászberény
5102;Jászberény
5111;Jászfelsõszentgyörgy
5121;Jászjákóhalma
5122;Jászdózsa
5123;Jászárokszállás
5124;Jászágó
5125;Pusztamonostor
5126;Jászfényszaru
5130;Jászapáti
5131;Jászapáti
5135;Jászivány
5136;Jászszentandrás
5137;Jászkisér
5141;Jásztelek
5142;Alattyán
5143;Jánoshida
5144;Jászboldogháza
5152;Jászboldogháza
5200;Törökszentmiklós
5201;Törökszentmiklós
5211;Tiszapüspöki
5212;Tiszapüspöki
5213;Tiszapüspöki
5222;Örményes
5231;Fegyvernek
5232;Tiszabõ
5233;Tiszagyenda
5234;Tiszaroff
5235;Tiszabura
5241;Abádszalók
5243;Tiszaderzs
5244;Tiszaszõlõs
5300;Karcag
5301;Karcag
5302;Karcag
5309;Berekfürdõ
5310;Kisújszállás
5311;Kisújszállás
5321;Kunmadaras
5322;Tiszaszentimre
5323;Tiszaszentimre
5324;Tomajmonostora
5331;Kenderes
5340;Kunhegyes
5341;Kunhegyes
5349;Kunhegyes
5350;Tiszafüred
5351;Tiszafüred
5358;Tiszafüred
5359;Tiszafüred
5361;Tiszaigar
5362;Tiszaörs
5363;Nagyiván
5400;Mezõtúr
5401;Mezõtúr
5403;Mezõtúr
5404;Mezõtúr
5411;Kétpó
5412;Kuncsorba
5420;Túrkeve
5421;Túrkeve
5430;Tiszaföldvár
5431;Tiszaföldvár
5432;Tiszaföldvár
5435;Martfû
5440;Kunszentmárton
5441;Kunszentmárton
5449;Kunszentmárton
5451;Öcsöd
5452;Mesterszállás
5453;Mezõhék
5461;Mezõhék
5462;Cibakháza
5463;Nagyrév
5464;Tiszainoka
5465;Cserkeszõlõ
5471;Tiszakürt
5473;Tiszaug
5474;Tiszasas
5475;Csépa
5476;Szelevény
5500;Gyomaendrõd
5501;Gyomaendrõd
5502;Gyomaendrõd
5510;Dévaványa
5515;Ecsegfalva
5516;Körösladány
5520;Szeghalom
5521;Szeghalom
5525;Füzesgyarmat
5526;Kertészsziget
5527;Bucsa
5530;Vésztõ
5534;Okány
5536;Körösújfalu
5537;Zsadány
5538;Biharugra
5539;Körösnagyharsány
5540;Szarvas
5541;Szarvas
5551;Csabacsûd
5552;Kardos
5553;Kondoros
5555;Hunya
5556;Örménykút
5561;Békésszentandrás
5600;Békéscsaba
5601;Békéscsaba
5602;Békéscsaba
5603;Békéscsaba
5604;Békéscsaba
5605;Békéscsaba
5609;Csabaszabadi
5621;Csárdaszállás
5622;Köröstarcsa
5623;Köröstarcsa
5624;Doboz
5630;Békés
5631;Békés
5641;Tarhos
5643;Bélmegyer
5650;Mezõberény
5661;Újkígyós
5662;Csanádapáca
5663;Medgyesbodzás
5664;Medgyesbodzás
5665;Pusztaottlaka
5666;Medgyesegyháza
5667;Magyarbánhegyes
5668;Nagybánhegyes
5671;Nagybánhegyes
5672;Murony
5673;Kamut
5674;Kétsoprony
5675;Telekgerendás
5700;Gyula
5701;Gyula
5702;Gyula
5703;Gyula
5711;Gyula
5712;Szabadkígyós
5720;Sarkad
5721;Sarkad
5722;Sarkad
5725;Kötegyán
5726;Méhkerék
5727;Újszalonta
5731;Sarkadkeresztúr
5732;Mezõgyán
5734;Geszt
5741;Kétegyháza
5742;Elek
5743;Lõkösháza
5744;Kevermes
5745;Dombiratos
5746;Kunágota
5747;Almáskamarás
5751;Nagykamarás
5752;Nagykamarás
5800;Mezõkovácsháza
5801;Mezõkovácsháza
5802;Mezõkovácsháza
5811;Végegyháza
5820;Mezõhegyes
5830;Battonya
5836;Dombegyház
5837;Kisdombegyház
5838;Magyardombegyház
5900;Orosháza
5901;Orosháza
5902;Orosháza
5903;Orosháza
5904;Orosháza
5905;Orosháza
5919;Pusztaföldvár
5920;Csorvás
5925;Gerendás
5931;Nagyszénás
5932;Gádoros
5940;Tótkomlós
5945;Kardoskút
5946;Békéssámson
5948;Kaszaper
6000;Kecskemét
6001;Kecskemét
6002;Kecskemét
6003;Kecskemét
6004;Kecskemét
6005;Kecskemét
6006;Kecskemét
6007;Kecskemét
6008;Kecskemét
6010;Kecskemét
6031;Szentkirály
6032;Nyárlõrinc
6033;Városföld
6034;Helvécia
6035;Ballószög
6041;Kerekegyháza
6042;Fülöpháza
6043;Kunbaracs
6044;Kunbaracs
6045;Ladánybene
6050;Lajosmizse
6055;Felsõlajos
6060;Tiszakécske
6061;Tiszakécske
6062;Tiszakécske
6063;Tiszakécske
6064;Tiszaug
6065;Lakitelek
6066;Tiszaalpár
6067;Tiszaalpár
6070;Izsák
6075;Páhi
6076;Ágasegyháza
6077;Orgovány
6078;Jakabszállás
6080;Szabadszállás
6085;Fülöpszállás
6086;Szalkszentmárton
6087;Dunavecse
6088;Apostag
6090;Kunszentmiklós
6093;Kunszentmiklós
6096;Kunpeszér
6097;Kunadacs
6098;Tass
6100;Kiskunfélegyháza
6101;Kiskunfélegyháza
6102;Kiskunfélegyháza
6111;Gátér
6112;Pálmonostora
6113;Petõfiszállás
6114;Bugac
6114;Bugacpusztaháza
6115;Kunszállás
6116;Fülöpjakab
6120;Kiskunmajsa
6131;Szank
6132;Móricgát
6133;Jászszentlászló
6134;Kömpöc
6135;Csólyospálos
6136;Harkakötöny
6200;Kiskõrös
6201;Kiskõrös
6211;Kaskantyú
6221;Akasztó
6222;Csengõd
6223;Soltszentimre
6224;Tabdi
6230;Soltvadkert
6235;Bócsa
6236;Tázlár
6237;Kecel
6238;Imrehegy
6239;Császártöltés
6300;Kalocsa
6301;Kalocsa
6311;Öregcsertõ
6320;Solt
6321;Újsolt
6323;Dunaegyháza
6325;Dunatetétlen
6326;Harta
6327;Harta
6328;Dunapataj
6331;Foktõ
6332;Uszód
6333;Dunaszentbenedek
6334;Géderlak
6335;Ordas
6336;Szakmár
6337;Újtelek
6341;Homokmégy
6342;Drágszél
6343;Miske
6344;Hajós
6345;Nemesnádudvar
6346;Sükösd
6347;Érsekcsanád
6348;Érsekhalma
6351;Bátya
6352;Fajsz
6353;Dusnok
6400;Kiskunhalas
6401;Kiskunhalas
6402;Kiskunhalas
6411;Zsana
6412;Balotaszállás
6413;Kunfehértó
6414;Pirtó
6421;Kisszállás
6422;Tompa
6423;Kelebia
6424;Csikéria
6425;Bácsszõlõs
6430;Bácsalmás
6435;Kunbaja
6440;Jánoshalma
6444;Kéleshalom
6445;Borota
6446;Rém
6447;Felsõszentiván
6448;Csávoly
6449;Mélykút
6451;Tataháza
6452;Mátételke
6453;Bácsbokod
6454;Bácsborsód
6455;Katymár
6456;Madaras
6500;Baja
6501;Baja
6502;Baja
6503;Baja
6511;Bácsszentgyörgy
6512;Szeremle
6513;Dunafalva
6521;Vaskút
6522;Gara
6523;Csátalja
6524;Dávod
6525;Hercegszántó
6527;Nagybaracska
6528;Bátmonostor
6600;Szentes
6601;Szentes
6602;Szentes
6603;Szentes
6612;Nagytõke
6621;Derekegyház
6622;Nagymágocs
6623;Árpádhalom
6624;Eperjes
6625;Fábiánsebestyén
6630;Mindszent
6635;Szegvár
6636;Mártély
6640;Csongrád
6641;Csongrád
6642;Csongrád
6645;Felgyõ
6646;Tömörkény
6647;Csanytelek
6648;Csanytelek
6700;Szeged
6701;Szeged
6702;Szeged
6703;Szeged
6704;Szeged
6705;Szeged
6706;Szeged
6707;Szeged
6708;Szeged
6709;Szeged
6710;Szeged
6712;Szeged
6713;Szeged
6717;Szeged
6718;Szeged
6719;Szeged
6720;Szeged
6721;Szeged
6722;Szeged
6723;Szeged
6724;Szeged
6725;Szeged
6726;Szeged
6727;Szeged
6728;Szeged
6729;Szeged
6740;Szeged
6741;Szeged
6742;Szeged
6743;Szeged
6744;Szeged
6745;Szeged
6746;Szeged
6747;Szeged
6748;Szeged
6750;Algyõ
6750;Szeged
6753;Algyõ
6753;Szeged
6754;Újszentiván
6755;Kübekháza
6756;Tiszasziget
6757;Tiszasziget
6757;Szeged
6758;Röszke
6760;Kistelek
6762;Sándorfalva
6763;Szatymaz
6764;Balástya
6765;Csengele
6766;Dóc
6767;Ópusztaszer
6768;Baks
6769;Pusztaszer
6771;Pusztaszer
6771;Szeged
6772;Deszk
6773;Klárafalva
6774;Ferencszállás
6775;Kiszombor
6781;Domaszék
6782;Mórahalom
6783;Ásotthalom
6784;Öttömös
6785;Pusztamérges
6786;Ruzsa
6787;Zákányszék
6791;Szeged
6791;Zákányszék
6792;Zsombó
6793;Forráskút
6794;Üllés
6795;Bordány
6800;Hódmezõvásárhely
6801;Hódmezõvásárhely
6802;Hódmezõvásárhely
6803;Hódmezõvásárhely
6804;Hódmezõvásárhely
6806;Hódmezõvásárhely
6808;Hódmezõvásárhely
6811;Hódmezõvásárhely
6821;Székkutas
6900;Makó
6901;Makó
6902;Makó
6903;Makó
6911;Királyhegyes
6912;Kövegy
6913;Csanádpalota
6914;Pitvaros
6915;Csanádalberti
6916;Ambrózfalva
6917;Nagyér
6921;Maroslele
6922;Földeák
6923;Óföldeák
6931;Apátfalva
6932;Magyarcsanád
6933;Nagylak
7000;Sárbogárd
7001;Sárbogárd
7002;Sárbogárd
7003;Sárbogárd
7011;Alap
7012;Alsószentiván
7013;Cece
7014;Sáregres
7015;Igar
7016;Igar
7017;Mezõszilas
7018;Mezõszilas
7019;Mezõszilas
7020;Dunaföldvár
7021;Dunaföldvár
7025;Bölcske
7026;Madocsa
7027;Madocsa
7030;Paks
7031;Paks
7032;Paks
7038;Pusztahencse
7039;Németkér
7041;Vajta
7042;Pálfa
7043;Bikács
7044;Nagydorog
7045;Györköny
7047;Sárszentlõrinc
7051;Kajdacs
7052;Kölesd
7054;Tengelic
7056;Szedres
7057;Medina
7061;Belecska
7062;Keszõhidegkút
7063;Szárazd
7064;Gyönk
7065;Miszla
7066;Udvari
7067;Varsád
7068;Kistormás
7071;Szakadát
7072;Diósberény
7081;Simontornya
7082;Kisszékely
7083;Tolnanémedi
7084;Pincehely
7085;Nagyszékely
7086;Ozora
7087;Fürged
7090;Tamási
7091;Tamási
7092;Nagykónyi
7093;Értény
7094;Koppányszántó
7095;Iregszemcse
7095;Újireg
7097;Nagyszokoly
7098;Magyarkeszi
7099;Felsõnyék
7100;Szekszárd
7101;Szekszárd
7102;Szekszárd
7103;Szekszárd
7121;Szálka
7122;Kakasd
7130;Tolna
7131;Tolna
7132;Bogyiszló
7133;Fadd
7134;Gerjen
7135;Dunaszentgyörgy
7136;Fácánkert
7140;Bátaszék
7142;Pörböly
7143;Õcsény
7144;Decs
7145;Sárpilis
7146;Várdomb
7147;Alsónána
7148;Alsónyék
7149;Báta
7150;Bonyhád
7151;Bonyhád
7153;Bonyhád
7158;Bonyhádvarasd
7159;Kisdorog
7161;Cikó
7162;Grábóc
7163;Mõcsény
7164;Bátaapáti
7165;Mórágy
7171;Sióagárd
7172;Harc
7173;Zomba
7174;Kéty
7175;Felsõnána
7176;Murga
7181;Tevel
7182;Závod
7183;Kisvejke
7184;Lengyel
7184;Szárász
7185;Mucsfa
7186;Aparhant
7186;Nagyvejke
7187;Nagyvejke
7188;Szárász
7191;Hõgyész
7192;Szakály
7193;Regöly
7194;Kalaznó
7195;Mucsi
7200;Dombóvár
7201;Dombóvár
7202;Dombóvár
7203;Dombóvár
7211;Dalmand
7212;Kocsola
7213;Szakcs
7214;Várong
7214;Lápafõ
7215;Nak
7224;Dúzs
7225;Csibrák
7226;Kurd
7227;Gyulaj
7228;Döbrököz
7251;Kapospula
7252;Attala
7253;Csoma
7253;Szabadi
7255;Nagyberki
7256;Kercseliget
7257;Mosdós
7258;Kaposkeresztúr
7258;Baté
7261;Kaposhomok
7261;Taszár
7271;Fonó
7272;Gölle
7273;Büssü
7274;Kazsok
7275;Igal
7276;Somogyszil
7276;Gadács
7279;Kisgyalán
7281;Bonnya
7282;Kisbárapáti
7282;Fiad
7283;Somogyacsa
7284;Somogydöröcske
7285;Kára
7285;Szorosad
7285;Törökkoppány
7286;Miklósi
7300;Mecsekpölöske
7300;Komló
7301;Mecsekpölöske
7302;Mecsekpölöske
7303;Mecsekpölöske
7304;Mánfa
7305;Mánfa
7306;Mánfa
7309;Mánfa
7331;Liget
7332;Magyaregregy
7333;Kárász
7333;Vékény
7334;Köblény
7334;Szalatnak
7341;Csikóstõttõs
7342;Mágocs
7343;Nagyhajmás
7344;Mekényes
7345;Alsómocsolád
7346;Bikal
7347;Egyházaskozár
7348;Tófû
7348;Hegyhátmaróc
7349;Szászvár
7351;Máza
7352;Györe
7353;Izmény
7354;Váralja
7355;Nagymányok
7356;Kismányok
7357;Jágónak
7361;Kaposszekcsõ
7362;Gerényes
7362;Vásárosdombó
7362;Tarrós
7362;Jágónak
7370;Felsõegerszeg
7370;Oroszló
7370;Palé
7370;Sásd
7370;Varga
7370;Vázsnok
7370;Mezõd
7381;Ág
7381;Kisvaszar
7381;Tékes
7383;Baranyaszentgyörgy
7383;Tormás
7383;Szágy
7384;Baranyajenõ
7385;Gödre
7386;Gödre
7391;Kisbeszterce
7391;Kishajmás
7391;Mindszentgodisa
7393;Bakóca
7394;Magyarhertelend
7394;Bodolyabér
7396;Magyarszék
7400;Kaposvár
7400;Orci
7400;Zselickislak
7401;Zselickislak
7402;Zselickislak
7403;Zselickislak
7404;Zselickislak
7405;Zselickislak
7406;Zselickislak
7407;Zselickislak
7408;Zselickislak
7409;Zselickislak
7431;Juta
7432;Csombárd
7432;Hetes
7434;Mezõcsokonya
7435;Somogysárd
7436;Újvárfalva
7439;Bodrog
7441;Magyaregres
7442;Várda
7443;Alsóbogát
7443;Somogyjád
7443;Edde
7444;Osztopán
7452;Somogyaszaló
7453;Mernye
7454;Somodor
7455;Somogygeszti
7456;Felsõmocsolád
7457;Ecseny
7458;Polány
7463;Magyaratád
7463;Patalom
7464;Ráksi
7465;Szentgáloskér
7471;Zimány
7472;Cserénfa
7472;Szentbalázs
7473;Gálosfa
7473;Kaposgyarmat
7473;Hajmás
7474;Zselicszentpál
7474;Simonfa
7475;Bõszénfa
7476;Kaposszerdahely
7477;Patca
7477;Szenna
7477;Zselickisfalud
7477;Szilvásszentmárton
7478;Bárdudvarnok
7479;Sántos
7500;Nagyatád
7501;Nagyatád
7511;Ötvöskónyi
7512;Mike
7513;Rinyaszentkirály
7514;Tarany
7515;Somogyudvarhely
7516;Berzence
7517;Bolhás
7521;Kaposmérõ
7522;Kaposújlak
7523;Kisasszond
7523;Kaposfõ
7524;Kiskorpád
7525;Jákó
7526;Csököly
7527;Rinyakovácsi
7527;Gige
7530;Kõkút
7530;Kadarkút
7532;Hencse
7533;Visnye
7533;Hedrehely
7535;Lad
7536;Patosfa
7537;Homokszentgyörgy
7538;Kálmáncsa
7539;Szulok
7541;Kutas
7542;Kisbajom
7543;Beleg
7544;Szabás
7545;Nagykorpád
7551;Lábod
7552;Rinyabesenyõ
7553;Görgeteg
7555;Csokonyavisonta
7556;Rinyaújlak
7557;Rinyaújlak
7561;Nagybajom
7561;Pálmajor
7562;Segesd
7563;Somogyszob
7564;Kaszó
7570;Barcs
7571;Barcs
7582;Komlósd
7582;Péterhida
7584;Babócsa
7584;Rinyaújnép
7584;Somogyaracs
7585;Háromfa
7585;Bakháza
7586;Bolhó
7587;Heresznye
7588;Vízvár
7589;Bélavár
7600;Pécs
7601;Pécs
7602;Pécs
7603;Pécs
7604;Pécs
7605;Pécs
7606;Pécs
7607;Pécs
7608;Pécs
7610;Pécs
7611;Pécs
7612;Pécs
7613;Pécs
7614;Pécs
7615;Pécs
7616;Pécs
7617;Pécs
7618;Pécs
7619;Pécs
7621;Pécs
7622;Pécs
7623;Pécs
7624;Pécs
7625;Pécs
7626;Pécs
7627;Pécs
7628;Pécs
7629;Pécs
7630;Pécs
7631;Pécs
7632;Pécs
7633;Pécs
7634;Pécs
7635;Pécs
7636;Pécs
7639;Pécs
7643;Pécs
7644;Pécs
7645;Pécs
7646;Pécs
7647;Pécs
7648;Pécs
7650;Pécs
7661;Erzsébet
7661;Kékesd
7661;Kátoly
7661;Szellõ
7663;Máriakéménd
7664;Berkesd
7664;Szilágy
7664;Pereked
7666;Pogány
7668;Gyód
7668;Keszü
7668;Kökény
7671;Bicsérd
7671;Zók
7671;Aranyosgadány
7672;Boda
7673;Kõvágószõlõs
7673;Cserkút
7675;Kõvágótöttös
7675;Bakonya
7677;Orfû
7678;Abaliget
7678;Kovácsszénája
7678;Husztót
7681;Okorvölgy
7681;Hetvehely
7681;Szentkatalin
7682;Bükkösd
7683;Helesfa
7683;Dinnyeberki
7683;Cserdi
7691;Pécs
7691;Dinnyeberki
7693;Pécs
7693;Dinnyeberki
7694;Hosszúhetény
7695;Ófalu
7695;Mecseknádasd
7695;Óbánya
7696;Hidas
7700;Mohács
7701;Mohács
7702;Mohács
7711;Bár
7712;Dunaszekcsõ
7714;Dunaszekcsõ
7715;Dunaszekcsõ
7716;Homorúd
7717;Kölked
7718;Udvar
7720;Apátvarasd
7720;Martonfa
7720;Lovászhetény
7720;Zengõvárkony
7720;Pécsvárad
7723;Erdõsmecske
7724;Feked
7725;Szebény
7726;Véménd
7727;Palotabozsok
7728;Görcsönydoboka
7728;Somberek
7731;Nagypall
7732;Fazekasboda
7733;Maráza
7733;Geresdlak
7735;Szûr
7735;Erdõsmárok
7735;Himesháza
7737;Székelyszabar
7741;Bogád
7741;Nagykozár
7741;Romonya
7742;Bogád
7743;Romonya
7744;Ellend
7745;Olasz
7745;Hásságy
7747;Belvárdgyula
7747;Birján
7751;Szederkény
7751;Monyoród
7752;Versend
7753;Szajk
7754;Bóly
7755;Töttös
7756;Borjád
7756;Pócsa
7756;Kisbudmér
7756;Nagybudmér
7757;Babarc
7757;Liptód
7759;Lánycsók
7759;Kisnyárád
7761;Lothárd
7761;Kozármisleny
7761;Magyarsarlós
7762;Pécsudvard
7763;Áta
7763;Szemely
7763;Egerág
7763;Szõkéd
7763;Kisherend
7766;Pécsdevecser
7766;Újpetre
7766;Peterd
7766;Kiskassa
7768;Kistótfalu
7768;Vokány
7771;Palkonya
7772;Ivánbattyán
7772;Villánykövesd
7773;Villány
7773;Kisjakabfalva
7774;Márok
7775;Illocska
7775;Magyarbóly
7775;Kislippó
7775;Lapáncsa
7781;Ivándárda
7781;Lippó
7781;Sárok
7782;Bezedek
7783;Majs
7784;Nagynyárád
7785;Sátorhely
7800;Kisharsány
7800;Siklós
7800;Nagytótfalu
7801;Nagytótfalu
7802;Nagytótfalu
7811;Bisse
7811;Szalánta
7811;Bosta
7811;Szilvás
7811;Csarnóta
7811;Túrony
7812;Garé
7813;Szava
7814;Babarcszõlõs
7814;Ócsárd
7814;Kisdér
7814;Siklósbodony
7815;Harkány
7817;Rádfalva
7817;Diósviszló
7817;Márfa
7822;Nagyharsány
7823;Kistapolca
7823;Siklósnagyfalu
7824;Egyházasharaszti
7824;Old
7826;Alsószentmárton
7827;Kásád
7827;Beremend
7831;Pellérd
7833;Görcsöny
7833;Szõke
7833;Regenye
7834;Baksa
7834;Tengeri
7834;Téseny
7836;Bogádmindszent
7836;Ózdfalu
7837;Hegyszentmárton
7838;Nagycsány
7838;Hirics
7838;Piskó
7838;Besence
7838;Vajszló
7838;Lúzsok
7838;Páprád
7838;Vejti
7839;Kemse
7839;Zaláta
7841;Baranyahídvég
7841;Sámod
7841;Adorjás
7841;Kisszentmárton
7841;Kórós
7843;Cún
7843;Kémes
7843;Drávapiski
7843;Tésenfa
7843;Szaporca
7846;Drávacsepely
7847;Kovácshida
7847;Drávaszerdahely
7847;Ipacsfa
7849;Drávacsehi
7850;Drávapalkonya
7851;Drávapalkonya
7851;Drávacsehi
7851;Drávaszabolcs
7853;Gordisa
7854;Matty
7900;Botykapeterd
7900;Szigetvár
7900;Csertõ
7901;Csertõ
7912;Nyugotszenterzsébet
7912;Nagyváty
7912;Nagypeterd
7913;Szentdénes
7914;Katádfa
7914;Rózsafa
7914;Bánfa
7915;Szentegát
7915;Dencsháza
7918;Tótújfalu
7918;Szentborbás
7918;Lakócsa
7921;Somogyhatvan
7922;Basal
7922;Somogyapáti
7922;Somogyviszló
7922;Patapoklosi
7923;Basal
7924;Somogyviszló
7925;Magyarlukafa
7925;Somogyhárságy
7926;Vásárosbéc
7932;Almáskeresztúr
7932;Szulimán
7932;Mozsgó
7934;Almamellék
7935;Horváthertelend
7935;Csebény
7935;Ibafa
7936;Szentlászló
7937;Boldogasszonyfa
7940;Szentlõrinc
7940;Csonkamindszent
7940;Kacsóta
7951;Gerde
7951;Pécsbagota
7951;Szabadszentkirály
7951;Velény
7953;Királyegyháza
7954;Gilvánfa
7954;Magyartelek
7954;Gyöngyfa
7954;Kisasszonyfa
7954;Magyarmecske
7957;Okorág
7958;Kákics
7960;Marócsa
7960;Drávaiványi
7960;Sellye
7960;Drávasztára
7960;Sósvertike
7960;Sumony
7964;Csányoszró
7966;Bogdása
7967;Markóc
7967;Drávafok
7967;Drávakeresztúr
7968;Felsõszentmárton
7971;Hobol
7972;Gyöngyösmellék
7972;Pettend
7973;Bürüs
7973;Teklafalu
7973;Endrõc
7973;Várad
7975;Kétújfalu
7976;Zádor
7976;Szörény
7977;Drávagárdony
7977;Potony
7977;Kastélyosdombó
7979;Drávatamási
7980;Pettend
7981;Kistamási
7981;Merenye
7981;Tótszentgyörgy
7981;Molvány
7981;Nemeske
7985;Kisdobsza
7985;Nagydobsza
7987;Istvándi
7988;Darány
8000;Székesfehérvár
8001;Székesfehérvár
8002;Székesfehérvár
8003;Székesfehérvár
8004;Székesfehérvár
8005;Székesfehérvár
8006;Székesfehérvár
8007;Székesfehérvár
8008;Székesfehérvár
8011;Székesfehérvár
8019;Székesfehérvár
8020;Székesfehérvár
8041;Csór
8042;Moha
8043;Iszkaszentgyörgy
8044;Kincsesbánya
8045;Isztimér
8046;Bakonykúti
8051;Sárkeresztes
8052;Fehérvárcsurgó
8053;Bodajk
8054;Bodajk
8055;Balinka
8056;Bakonycsernye
8060;Mór
8061;Mór
8062;Mór
8065;Nagyveleg
8066;Pusztavám
8071;Magyaralmás
8072;Söréd
8073;Csákberény
8074;Csókakõ
8080;Bodmér
8081;Zámoly
8082;Gánt
8083;Csákvár
8084;Csákvár
8085;Vértesboglár
8086;Felcsút
8087;Alcsútdoboz
8088;Tabajd
8089;Vértesacsa
8092;Pátka
8093;Lovasberény
8095;Pákozd
8096;Sukoró
8097;Nadap
8100;Várpalota
8101;Várpalota
8102;Várpalota
8103;Várpalota
8104;Várpalota
8105;Pétfürdõ
8109;Tés
8111;Seregélyes
8112;Zichyújfalu
8121;Tác
8122;Csõsz
8123;Soponya
8124;Káloz
8125;Sárkeresztúr
8126;Sárszentágota
8127;Aba
8130;Enying
8131;Enying
8132;Lepsény
8133;Mezõszentgyörgy
8134;Mátyásdomb
8135;Dég
8136;Lajoskomárom
8137;Mezõkomárom
8138;Szabadhídvég
8142;Úrhida
8143;Sárszentmihály
8144;Sárkeszi
8145;Nádasdladány
8146;Jenõ
8151;Szabadbattyán
8152;Kõszárhegy
8153;Kõszárhegy
8154;Polgárdi
8156;Kisláng
8157;Füle
8161;Õsi
8162;Küngös
8163;Csajág
8164;Balatonfõkajár
8171;Balatonvilágos
8172;Balatonvilágos
8173;Balatonvilágos
8174;Balatonkenese
8175;Balatonfûzfõ
8181;Berhida
8182;Berhida
8183;Papkeszi
8184;Papkeszi
8191;Öskü
8192;Hajmáskér
8193;Sóly
8194;Vilonya
8195;Királyszentistván
8196;Litér
8200;Veszprém
8201;Veszprém
8202;Veszprém
8204;Veszprém
8205;Veszprém
8206;Veszprém
8207;Veszprém
8220;Balatonalmádi
8221;Balatonalmádi
8222;Balatonalmádi
8225;Szentkirályszabadja
8226;Alsóörs
8227;Felsõörs
8228;Lovas
8229;Csopak
8229;Paloznak
8230;Balatonfüred
8230;Balatonszõlõs
8231;Balatonszõlõs
8232;Balatonszõlõs
8233;Balatonszõlõs
8236;Balatonszõlõs
8237;Tihany
8241;Aszófõ
8242;Örvényes
8242;Balatonudvari
8243;Balatonakali
8244;Dörgicse
8245;Pécsely
8245;Vászoly
8246;Tótvázsony
8247;Hidegkút
8248;Veszprémfajsz
8248;Nemesvámos
8251;Zánka
8252;Balatonszepezd
8253;Révfülöp
8254;Kõvágóörs
8254;Kékkút
8255;Balatonrendes
8256;Salföld
8256;Ábrahámhegy
8257;Salföld
8258;Badacsonytomaj
8261;Badacsonytomaj
8263;Badacsonytördemic
8264;Szigliget
8265;Hegymagas
8271;Mencshely
8272;Balatoncsicsó
8272;Szentjakabfa
8272;Szentantalfa
8272;Óbudavár
8272;Tagyon
8273;Monoszló
8274;Köveskál
8275;Balatonhenye
8281;Szentbékkálla
8282;Mindszentkálla
8283;Káptalantóti
8284;Kisapáti
8284;Nemesgulács
8286;Gyulakeszi
8291;Vöröstó
8291;Barnag
8291;Nagyvázsony
8291;Pula
8292;Öcs
8294;Kapolcs
8294;Vigántpetend
8295;Taliándörögd
8296;Hegyesd
8296;Monostorapáti
8297;Hegyesd
8300;Raposka
8300;Tapolca
8301;Raposka
8302;Raposka
8303;Raposka
8308;Zalahaláp
8308;Sáska
8311;Nemesvita
8312;Balatonederics
8313;Balatongyörök
8314;Vonyarcvashegy
8315;Gyenesdiás
8316;Vállus
8316;Várvölgy
8318;Lesencefalu
8318;Lesencetomaj
8319;Lesenceistvánd
8321;Uzsa
8330;Sümeg
8331;Sümeg
8341;Szalapa
8341;Kisvásárhely
8341;Mihályfa
8342;Óhíd
8344;Hetyefõ
8344;Zalaerdõd
8345;Dabronc
8346;Gógánfa
8347;Ukk
8348;Megyer
8348;Zalameggyes
8348;Rigács
8349;Zalagyömörõ
8351;Sümegprága
8352;Bazsi
8353;Vindornyalak
8353;Zalaszántó
8354;Karmacs
8354;Zalaköveskút
8354;Vindornyafok
8355;Vindornyaszõlõs
8356;Nagygörbõ
8356;Kisgörbõ
8357;Döbröce
8357;Sümegcsehi
8360;Keszthely
8361;Keszthely
8362;Keszthely
8363;Keszthely
8364;Keszthely
8371;Nemesbük
8372;Cserszegtomaj
8373;Rezi
8380;Felsõpáhok
8380;Hévíz
8381;Felsõpáhok
8391;Sármellék
8392;Zalavár
8393;Szentgyörgyvár
8394;Alsópáhok
8400;Ajka
8401;Ajka
8403;Ajka
8404;Ajka
8408;Ajka
8409;Úrkút
8411;Úrkút
8412;Úrkút
8413;Eplény
8414;Olaszfalu
8415;Nagyesztergár
8416;Dudar
8417;Csetény
8418;Bakonyoszlop
8419;Csesznek
8420;Zirc
8422;Bakonynána
8423;Szápár
8424;Jásd
8425;Lókút
8426;Pénzesgyõr
8427;Bakonybél
8428;Borzavár
8429;Porva
8430;Bakonyszentkirály
8431;Bakonyszentlászló
8432;Fenyõfõ
8433;Bakonygyirót
8434;Románd
8435;Gic
8436;Bakonypéterd
8437;Lázi
8438;Veszprémvarsány
8439;Sikátor
8440;Herend
8441;Márkó
8442;Hárskút
8443;Bánd
8444;Szentgál
8445;Csehbánya
8445;Városlõd
8446;Kislõd
8447;Kislõd
8448;Kislõd
8449;Magyarpolány
8451;Magyarpolány
8452;Halimba
8452;Szõc
8454;Nyirád
8455;Pusztamiske
8456;Noszlop
8457;Bakonypölöske
8458;Oroszi
8460;Devecser
8461;Devecser
8468;Kolontár
8469;Kamond
8471;Nemeshany
8471;Káptalanfa
8471;Bodorfa
8473;Gyepükaján
8474;Csabrendek
8475;Hosztót
8475;Veszprémgalsa
8475;Szentimrefalva
8476;Zalaszegvár
8477;Apácatorna
8477;Tüskevár
8477;Kisberzseny
8478;Somlójenõ
8479;Borszörcsök
8481;Somlóvásárhely
8482;Doba
8483;Kisszõlõs
8483;Somlószõlõs
8484;Vid
8484;Somlóvecse
8484;Nagyalásony
8485;Dabrony
8491;Karakószörcsök
8492;Kerta
8493;Iszkáz
8494;Kiscsõsz
8495;Csögle
8496;Kispirit
8496;Nagypirit
8497;Adorjánháza
8497;Egeralja
8500;Pápa
8501;Pápa
8502;Pápa
8503;Pápa
8505;Pápa
8510;Pápa
8511;Pápa
8512;Nyárád
8513;Mihályháza
8514;Mezõlak
8515;Békás
8516;Kemeneshõgyész
8517;Magyargencs
8518;Kemenesszentpéter
8521;Nagyacsád
8522;Nemesgörzsöny
8523;Egyházaskeszõ
8523;Várkeszõ
8531;Várkeszõ
8532;Marcaltõ
8533;Malomsok
8534;Csikvánd
8541;Takácsi
8542;Vaszar
8543;Gecse
8544;Szerecseny
8545;Gyarmat
8551;Nagygyimót
8552;Vanyola
8553;Lovászpatona
8554;Nagydém
8555;Bakonytamási
8556;Pápateszér
8557;Bakonyság
8557;Bakonyszentiván
8558;Csót
8561;Adásztevel
8562;Nagytevel
8563;Homokbödöge
8564;Ugod
8565;Béb
8571;Bakonykoppány
8572;Bakonyszücs
8581;Németbánya
8581;Bakonyjákó
8582;Farkasgyepû
8591;Farkasgyepû
8591;Nóráp
8592;Dáka
8593;Pápadereske
8594;Pápasalamon
8595;Kup
8596;Pápakovácsi
8597;Ganna
8597;Döbrönte
8598;Döbrönte
8600;Siófok
8601;Siófok
8602;Siófok
8604;Siófok
8609;Siófok
8611;Siófok
8612;Nyim
8613;Balatonendréd
8614;Bálványos
8617;Kõröshegy
8618;Kereki
8619;Pusztaszemes
8621;Zamárdi
8622;Szántód
8623;Balatonföldvár
8624;Balatonszárszó
8625;Szólád
8626;Teleki
8627;Kötcse
8628;Nagycsepely
8630;Balatonboglár
8631;Balatonboglár
8634;Balatonboglár
8635;Ordacsehi
8636;Balatonszemes
8637;Balatonõszöd
8638;Balatonlelle
8640;Fonyód
8641;Birján
8642;Birján
8644;Birján
8646;Balatonfenyves
8647;Balatonmáriafürdõ
8647;Balatonkeresztúr
8648;Balatonkeresztúr
8649;Balatonberény
8651;Balatonszabadi
8652;Siójut
8653;Ádánd
8654;Ságvár
8655;Som
8656;Nagyberény
8658;Bábonymegyer
8660;Tab
8660;Zala
8660;Torvaj
8660;Sérsekszõlõs
8660;Lulla
8666;Bedegkér
8666;Somogyegres
8667;Kánya
8668;Tengõd
8669;Miklósi
8671;Kapoly
8672;Zics
8673;Somogymeggyes
8674;Nágocs
8675;Andocs
8676;Karád
8681;Visz
8681;Látrány
8683;Somogytúr
8684;Somogybabod
8685;Gamás
8691;Gamás
8692;Gyugy
8692;Szõlõsgyörök
8693;Kisberény
8693;Lengyeltóti
8694;Hács
8695;Buzsák
8696;Táska
8697;Öreglak
8698;Pamuk
8698;Somogyvár
8699;Somogyvámos
8700;Csömend
8700;Marcali
8701;Csömend
8705;Somogyszentpál
8706;Nikla
8707;Pusztakovácsi
8707;Libickozma
8708;Somogyfajsz
8709;Somogyfajsz
8710;Balatonszentgyörgy
8711;Vörs
8712;Balatonújlak
8713;Kéthely
8714;Kéthely
8714;Kelevíz
8716;Gadány
8716;Mesztegnyõ
8716;Hosszúvíz
8717;Szenyér
8717;Nemeskisfalud
8718;Tapsony
8719;Böhönye
8721;Vése
8722;Nemesdéd
8723;Varászló
8724;Inke
8725;Iharosberény
8726;Somogycsicsó
8726;Iharos
8728;Pogányszentpéter
8731;Hollád
8731;Tikos
8732;Fõnyed
8732;Sávoly
8732;Szegerdõ
8733;Somogysámson
8734;Somogyzsitfa
8735;Csákány
8736;Szõkedencs
8737;Somogysimonyi
8738;Nemesvid
8739;Nagyszakácsi
8741;Zalaapáti
8741;Bókaháza
8742;Esztergályhorváti
8743;Zalaszabar
8744;Orosztony
8745;Kerecseny
8746;Nagyrada
8747;Garabonc
8747;Zalamerenye
8749;Zalakaros
8751;Zalakomár
8752;Zalakomár
8753;Balatonmagyaród
8754;Galambok
8756;Kisrécse
8756;Csapi
8756;Zalasárszeg
8756;Nagyrécse
8761;Zalaigrice
8761;Pacsa
8762;Gétye
8762;Szentpéterúr
8764;Dióskál
8764;Zalaszentmárton
8765;Egeraracsa
8767;Pötréte
8767;Felsõrajk
8767;Alsórajk
8771;Hahót
8772;Zalaszentbalázs
8772;Börzönce
8773;Pölöskefõ
8773;Kacorlak
8774;Kilimán
8774;Gelse
8774;Gelsesziget
8776;Magyarszerdahely
8776;Bocska
8776;Magyarszentmiklós
8777;Fûzvölgy
8777;Homokkomárom
8777;Hosszúvölgy
8778;Újudvar
8782;Ligetfalva
8782;Zalacsány
8782;Tilaj
8784;Kehidakustány
8785;Kallósd
8785;Kehidakustány
8788;Zalaszentlászló
8788;Sénye
8789;Sénye
8790;Zalaszentgrót
8792;Zalavég
8793;Zalavég
8795;Zalavég
8796;Türje
8797;Batyk
8798;Zalabér
8799;Dötk
8799;Pakod
8800;Nagykanizsa
8801;Nagykanizsa
8802;Nagykanizsa
8803;Nagykanizsa
8804;Nagykanizsa
8808;Nagykanizsa
8809;Nagykanizsa
8821;Nagybakónak
8822;Zalaújlak
8824;Sand
8825;Miháld
8825;Pat
8827;Zalaszentjakab
8831;Zalaszentjakab
8831;Liszó
8834;Murakeresztúr
8835;Fityeház
8840;Csurgónagymarton
8840;Csurgó
8849;Szenta
8851;Gyékényes
8852;Zákány
8852;Gyékényes
8853;Zákányfalu
8854;Õrtilos
8855;Belezna
8856;Nemespátró
8856;Surd
8857;Nemespátró
8858;Somogybükkösd
8858;Porrogszentkirály
8858;Porrogszentpál
8858;Porrog
8861;Szepetnek
8862;Semjénháza
8863;Molnári
8864;Tótszerdahely
8865;Tótszentmárton
8866;Becsehely
8866;Petrivente
8868;Kistolmács
8868;Letenye
8868;Zajk
8868;Murarátka
8872;Szentmargitfalva
8872;Muraszemenye
8873;Csörnyeföld
8874;Kerkaszentkirály
8874;Dobri
8876;Tormafölde
8877;Tornyiszentmiklós
8878;Lovászi
8879;Kerkateskánd
8879;Szécsisziget
8881;Sormás
8882;Eszteregnye
8883;Rigyác
8885;Borsfa
8885;Valkonya
8886;Oltárc
8887;Bázakerettye
8887;Lasztonya
8888;Lispeszentadorján
8888;Kiscsehi
8888;Maróc
8891;Bánokszentgyörgy
8891;Várfölde
8893;Bucsuta
8893;Szentliszló
8895;Pusztamagyaród
8896;Pusztaszentlászló
8897;Söjtör
8900;Zalaegerszeg
8901;Zalaegerszeg
8902;Zalaegerszeg
8903;Zalaegerszeg
8904;Zalaegerszeg
8905;Zalaegerszeg
8906;Zalaegerszeg
8907;Zalaegerszeg
8908;Zalaegerszeg
8909;Zalaegerszeg
8911;Kiskutas
8911;Nagykutas
8912;Kispáli
8912;Nagypáli
8913;Egervár
8913;Lakhegy
8913;Gõsfa
8914;Vasboldogasszony
8915;Nemesrádó
8917;Dobronhegy
8917;Pálfiszeg
8917;Milejszeg
8918;Csonkahegyhát
8918;Németfalu
8919;Kustánszeg
8921;Zalaszentiván
8921;Zalaszentlõrinc
8921;Alibánfa
8921;Pethõhenye
8923;Nemesapáti
8924;Alsónemesapáti
8925;Nemessándorháza
8925;Búcsúszentlászló
8925;Nemesszentandrás
8925;Kisbucsa
8925;Nemeshetés
8929;Pölöske
8931;Vöckönd
8931;Kemendollár
8932;Gyûrûs
8932;Pókaszepetk
8932;Zalaistvánd
8934;Bezeréd
8935;Orbányosfa
8935;Almásháza
8935;Nagykapornak
8935;Misefa
8935;Padár
8936;Zalaszentmihály
8943;Bocfölde
8943;Csatár
8944;Sárhida
8945;Bak
8946;Tófej
8946;Baktüttös
8946;Pusztaederics
8947;Szentkozmadombja
8947;Zalatárnok
8948;Barlahida
8948;Nova
8949;Mikekarácsonyfa
8951;Gutorfölde
8951;Csertalakos
8953;Szentpéterfölde
8954;Ortaháza
8956;Kányavár
8956;Pördefölde
8956;Páka
8957;Csömödér
8957;Kissziget
8957;Hernyék
8957;Zebecke
8958;Iklódbördõce
8960;Lenti
8961;Lenti
8966;Lenti
8969;Bödeháza
8969;Zalaszombatfa
8969;Gáborjánháza
8969;Szijártóháza
8971;Zalabaksa
8971;Kerkabarabás
8973;Felsõszenterzsébet
8973;Magyarföld
8973;Alsószenterzsébet
8973;Ramocsa
8973;Csesztreg
8973;Kerkafalva
8973;Kerkakutas
8975;Szentgyörgyvölgy
8976;Nemesnép
8976;Márokföld
8977;Baglad
8977;Lendvajakabfa
8977;Resznek
8978;Belsõsárd
8978;Lendvadedes
8978;Gosztola
8978;Rédics
8978;Külsõsárd
8981;Gellénháza
8981;Lickóvadamos
8983;Babosdöbréte
8983;Nagylengyel
8983;Ormándlak
8984;Iborfia
8984;Petrikeresztúr
8984;Gombosszeg
8985;Becsvölgye
8986;Pusztaapáti
8986;Szilvágy
8986;Pórszombat
8988;Kálócfa
8988;Kozmadombja
8989;Dobronhegy
8990;Pálfiszeg
8991;Hottó
8991;Teskánd
8991;Böde
8992;Zalaboldogfa
8992;Boncodfölde
8992;Bagod
8992;Hagyárosbörönd
8994;Zalaszentgyörgy
8994;Kávás
8995;Keménfa
8995;Salomvár
8996;Zalacséb
8997;Zalaháshágy
8998;Vaspör
8998;Ozmánbük
8999;Csöde
8999;Zalalövõ
9000;Gyõr
9001;Gyõr
9002;Gyõr
9003;Gyõr
9004;Gyõr
9005;Gyõr
9006;Gyõr
9007;Gyõr
9008;Gyõr
9009;Gyõr
9010;Gyõr
9011;Gyõr
9012;Gyõr
9013;Gyõr
9019;Gyõr
9020;Gyõr
9021;Gyõr
9022;Gyõr
9023;Gyõr
9024;Gyõr
9025;Gyõr
9026;Gyõr
9027;Gyõr
9028;Gyõr
9029;Gyõr
9030;Gyõr
9061;Vámosszabadi
9062;Vének
9062;Kisbajcs
9063;Nagybajcs
9071;Gönyû
9072;Nagyszentjános
9073;Bõny
9074;Rétalap
9081;Gyõrújbarát
9082;Nyúl
9083;Écs
9084;Gyõrság
9085;Pázmándfalu
9086;Töltéstava
9088;Bakonypéterd
9089;Lázi
9090;Pannonhalma
9091;Ravazd
9092;Tarjánpuszta
9093;Gyõrasszonyfa
9094;Tápszentmiklós
9095;Táp
9096;Nyalka
9097;Mezõörs
9098;Mezõörs
9099;Pér
9100;Tét
9111;Tényõ
9112;Sokorópátka
9113;Koroncó
9121;Gyõrszemere
9122;Felpéc
9123;Kajárpéc
9124;Gyömöre
9125;Szerecseny
9126;Gyarmat
9127;Csikvánd
9131;Mórichida
9132;Árpás
9133;Rábaszentmiklós
9133;Kisbabot
9134;Bodonhely
9135;Rábaszentmihály
9136;Rábacsécsény
9136;Mérges
9141;Ikrény
9142;Rábapatona
9143;Enese
9144;Kóny
9145;Bágyogszovát
9146;Rábapordány
9147;Dör
9151;Abda
9152;Börcs
9153;Öttevény
9154;Mosonszentmiklós
9155;Lébény
9161;Gyõrsövényház
9162;Bezi
9163;Fehértó
9164;Markotabödöge
9165;Cakóháza
9165;Rábcakapi
9165;Tárnokréti
9167;Bõsárkány
9168;Acsalag
9169;Maglóca
9169;Barbacs
9171;Gyõrújfalu
9172;Gyõrzámoly
9173;Gyõrladamér
9174;Dunaszeg
9175;Dunaszentpál
9176;Mecsér
9177;Ásványráró
9178;Hédervár
9181;Kimle
9182;Károlyháza
9183;Károlyháza
9184;Kunsziget
9200;Mosonmagyaróvár
9201;Mosonmagyaróvár
9202;Mosonmagyaróvár
9203;Mosonmagyaróvár
9211;Feketeerdõ
9221;Levél
9222;Hegyeshalom
9223;Bezenye
9224;Rajka
9225;Dunakiliti
9226;Dunasziget
9228;Halászi
9231;Máriakálnok
9232;Darnózseli
9233;Lipót
9234;Kisbodak
9235;Dunaremete
9235;Püski
9241;Jánossomorja
9242;Jánossomorja
9243;Várbalog
9244;Újrónafõ
9245;Mosonszolnok
9300;Csorna
9301;Csorna
9311;Pásztori
9312;Szilsárkány
9313;Rábacsanak
9314;Egyed
9315;Sobor
9316;Rábaszentandrás
9317;Szany
9321;Farád
9322;Rábatamási
9323;Jobaháza
9324;Potyond
9324;Bogyoszló
9325;Sopronnémeti
9326;Szil
9327;Rábasebes
9327;Vág
9330;Kapuvár
9331;Kapuvár
9332;Kapuvár
9339;Kapuvár
9341;Kisfalud
9342;Mihályi
9343;Beled
9343;Vásárosfalu
9343;Edve
9344;Rábakecöl
9345;Páli
9346;Magyarkeresztúr
9346;Vadosfa
9346;Zsebeháza
9351;Babót
9352;Veszkény
9353;Szárföld
9354;Osli
9361;Hövej
9362;Himod
9363;Gyóró
9364;Cirák
9365;Dénesfa
9371;Vitnyéd
9372;Csapod
9373;Pusztacsalád
9374;Iván
9375;Répceszemere
9375;Csáfordjánosfa
9375;Csér
9400;Sopron
9401;Sopron
9402;Sopron
9403;Sopron
9404;Sopron
9405;Sopron
9406;Sopron
9407;Sopron
9408;Sopron
9409;Sopron
9421;Fertõrákos
9422;Harka
9423;Ágfalva
9431;Fertõd
9433;Fertõd
9434;Fertõd
9435;Sarród
9436;Fertõszéplak
9437;Hegykõ
9438;Sarród
9441;Agyagosszergény
9442;Fertõendréd
9443;Petõháza
9444;Fertõszentmiklós
9451;Röjtökmuzsaj
9451;Ebergõc
9461;Lövõ
9462;Völcsej
9463;Sopronhorpács
9464;Und
9471;Nemeskér
9472;Újkér
9473;Egyházasfalu
9474;Szakony
9474;Gyalóka
9475;Répcevis
9476;Zsira
9481;Pinnye
9482;Nagylózs
9483;Sopronkövesd
9484;Pereszteg
9485;Nagycenk
9491;Hidegség
9492;Fertõhomok
9493;Fertõboz
9494;Fertõboz
9495;Kópháza
9500;Celldömölk
9501;Celldömölk
9502;Celldömölk
9503;Celldömölk
9511;Kemenesmihályfa
9512;Ostffyasszonyfa
9513;Csönge
9514;Kenyeri
9515;Pápoc
9516;Vönöck
9517;Kemenessömjén
9521;Kemenesszentmárton
9522;Kemenesmagasi
9523;Szergény
9531;Mersevát
9532;Külsõvat
9533;Nemesszalók
9534;Vinár
9534;Marcalgergelyi
9541;Vinár
9542;Nemeskocs
9542;Boba
9544;Kemenespálfa
9545;Jánosháza
9547;Karakó
9548;Nemeskeresztúr
9549;Keléd
9551;Mesteri
9552;Vásárosmiske
9553;Köcsk
9553;Kemeneskápolna
9554;Borgáta
9554;Egyházashetye
9555;Kissomlyó
9556;Duka
9561;Nagysimonyi
9561;Tokorcs
9600;Sárvár
9601;Sárvár
9602;Sárvár
9608;Sárvár
9609;Sárvár
9611;Csénye
9612;Porpác
9612;Bögöt
9621;Ölbõ
9622;Szeleste
9623;Répceszentgyörgy
9624;Chernelházadamonya
9625;Bõ
9625;Gór
9631;Hegyfalu
9632;Sajtoskál
9633;Simaság
9634;Iklanberény
9634;Lócs
9635;Zsédeny
9636;Pósfa
9641;Rábapaty
9643;Jákfa
9651;Uraiújfalu
9652;Nick
9653;Répcelak
9654;Csánig
9661;Vasegerszeg
9662;Tompaládony
9662;Mesterháza
9663;Nemesládony
9664;Nagygeresd
9665;Vámoscsalád
9671;Sitke
9672;Gérce
9673;Káld
9674;Vashosszúfalu
9675;Bögöte
9676;Hosszúpereszteg
9681;Sótony
9682;Nyõgér
9683;Bejcgyertyános
9684;Egervölgy
9685;Szemenye
9700;Szombathely
9701;Szombathely
9702;Szombathely
9703;Szombathely
9704;Szombathely
9705;Szombathely
9706;Szombathely
9707;Szombathely
9708;Szombathely
9709;Szombathely
9710;Szombathely
9719;Szombathely
9721;Gencsapáti
9722;Perenye
9723;Lukácsháza
9724;Gyöngyösfalu
9725;Kõszegszerdahely
9725;Cák
9725;Kõszegdoroszló
9726;Velem
9727;Bozsok
9730;Kõszeg
9731;Kõszeg
9732;Kõszeg
9733;Horvátzsidány
9733;Kiszsidány
9733;Ólmod
9734;Peresznye
9735;Csepreg
9736;Tormásliget
9737;Bük
9738;Tömörd
9739;Pusztacsó
9739;Kõszegpaty
9739;Nemescsó
9740;Pusztacsó
9741;Vassurány
9742;Salköveskút
9743;Söpte
9744;Vasasszonyfa
9745;Meszlen
9746;Acsád
9747;Vasszilvágy
9748;Vát
9749;Nemesbõd
9751;Vép
9752;Bozzai
9752;Kenéz
9754;Pecöl
9754;Megyehíd
9756;Ikervár
9757;Meggyeskovácsi
9761;Táplánszentkereszt
9762;Tanakajd
9763;Vasszécseny
9764;Csempeszkopács
9766;Rábatöttös
9766;Zsennye
9766;Rum
9771;Balogunyom
9772;Kisunyom
9773;Sorokpolány
9774;Gyanógeregye
9774;Sorkikápolna
9774;Sorkifalud
9775;Nemeskolta
9776;Püspökmolnári
9777;Rábahídvég
9781;Egyházashollós
9782;Nemesrempehollós
9783;Egyházasrádóc
9784;Rádóckölked
9784;Harasztifalu
9784;Nagykölked
9789;Sé
9791;Dozmat
9791;Torony
9792;Bucsu
9793;Narda
9794;Felsõcsatár
9795;Vaskeresztes
9796;Horvátlövõ
9796;Pornóapáti
9797;Nárai
9798;Ják
9799;Szentpéterfa
9800;Vasvár
9801;Vasvár
9811;Andrásfa
9812;Telekes
9813;Gersekarát
9813;Sárfimizdó
9814;Halastó
9821;Hegyhátszentpéter
9821;Gyõrvár
9823;Pácsony
9824;Olaszfa
9825;Oszkó
9826;Petõmihályfa
9831;Bérbaltavár
9832;Nagytilaj
9833;Csehi
9834;Csehimindszent
9835;Mikosszéplak
9836;Csipkerek
9841;Kám
9842;Alsóújlak
9900;Körmend
9901;Körmend
9909;Magyarnádalja
9909;Körmend
9912;Magyarszecsõd
9912;Molnaszecsõd
9913;Döröske
9913;Szarvaskend
9913;Nagymizdó
9914;Döbörhegy
9915;Nádasd
9915;Katafa
9915;Hegyháthodász
9915;Hegyhátsál
9917;Halogy
9917;Daraboshegy
9918;Felsõmarác
9919;Csákánydoroszló
9921;Vasalja
9922;Pinkamindszent
9923;Kemestaródfa
9931;Ivánc
9931;Hegyhátszentmárton
9932;Viszák
9933;Õrimagyarósd
9934;Felsõjánosfa
9934;Szaknyér
9934;Hegyhátszentjakab
9935;Szõce
9936;Kisrákos
9937;Pankasz
9938;Szatta
9938;Nagyrákos
9941;Ispánk
9941;Õriszentpéter
9942;Szalafõ
9943;Kondorfa
9944;Bajánsenye
9944;Kerkáskápolna
9945;Kercaszomor
9946;Magyarszombatfa
9946;Velemér
9951;Rátót
9952;Gasztony
9953;Nemesmedves
9953;Vasszentmihály
9954;Rönök
9955;Rönök
9961;Rábagyarmat
9962;Csörötnek
9962;Magyarlak
9970;Szentgotthárd
9971;Szentgotthárd
9981;Szentgotthárd
9982;Apátistvánfalva
9982;Kétvölgy
9982;Orfalu
9983;Alsószölnök
9983;Szakonyfalu
9985;Felsõszölnök
2087;Piliscsaba
2099;Pilisszentkereszt
2738;Cegléd
2835;Tata
2921;Komárom
3024;Lõrinci
3065;Pásztó
3078;Bátonyterenye
3082;Pásztó
3141;Salgótarján
3147;Kazár
3221;Gyöngyös
3232;Gyöngyös
3233;Gyöngyös
3234;Mátraszentimre
3244;Parád
3625;Ózd
3651;Ózd
3661;Ózd
3662;Ózd
3783;Edelény
3923;Gesztely
3944;Sátoraljaújhely
3945;Sátoraljaújhely
3988;Sátoraljaújhely
4067;Egyek
4074;Hajdúböszörmény
4078;Debrecen
4079;Debrecen
4086;Hajdúböszörmény
4162;Szerep
4246;Nyíregyháza
4252;Nyíradony
4253;Nyíradony
4446;Tiszaeszlár
4447;Tiszalök
4481;Nyíregyháza
4486;Tiszatelek
4551;Nyíregyháza
5095;Tiszavárkony
5152;Jászberény
5212;Törökszentmiklós
5213;Fegyvernek
5349;Kenderes
5461;Tiszaföldvár
5623;Békéscsaba
5671;Békéscsaba
5752;Medgyesegyháza
6044;Kecskemét
6648;Csongrád
7018;Sárbogárd
7019;Sárbogárd
7027;Paks
7187;Bonyhád
7409;Kaposvár
7557;Barcs
7714;Mohács
7715;Mohács
8054;Balinka
8172;Balatonkenese
8173;Balatonkenese
8184;Balatonfûzfõ
8236;Balatonfüred
8257;Badacsonytomaj
8297;Tapolca
8411;Veszprém
8412;Veszprém
8447;Ajka
8448;Ajka
8451;Ajka
8531;Marcaltõ
8591;Pápa
8598;Pápa
8691;Balatonboglár
8709;Marcali
8714;Marcali
8785;Zalaszentgrót
8789;Zalaszentgrót
8793;Zalaszentgrót
8795;Zalaszentgrót
8831;Nagykanizsa
9183;Mosonszentmiklós
9434;Sarród
9494;Sopron
9541;Celldömölk
9740;Bük
9955;Szentgotthárd